{
    "name": "root",
    "gauges": {
        "c_Walker.Policy.Entropy.mean": {
            "value": 1.1307116746902466,
            "min": 1.1307116746902466,
            "max": 1.251724362373352,
            "count": 18
        },
        "c_Walker.Policy.Entropy.sum": {
            "value": 112673.15625,
            "min": 111937.375,
            "max": 154452.765625,
            "count": 18
        },
        "c_Walker.Environment.EpisodeLength.mean": {
            "value": 141.3769559032717,
            "min": 141.3769559032717,
            "max": 531.1005291005291,
            "count": 18
        },
        "c_Walker.Environment.EpisodeLength.sum": {
            "value": 99388.0,
            "min": 98845.0,
            "max": 100658.0,
            "count": 18
        },
        "c_Walker.Step.mean": {
            "value": 1799986.0,
            "min": 99659.0,
            "max": 1799986.0,
            "count": 18
        },
        "c_Walker.Step.sum": {
            "value": 1799986.0,
            "min": 99659.0,
            "max": 1799986.0,
            "count": 18
        },
        "c_Walker.Policy.ExtrinsicValueEstimate.mean": {
            "value": 4.0336079597473145,
            "min": -1.1012904644012451,
            "max": 4.0336079597473145,
            "count": 18
        },
        "c_Walker.Policy.ExtrinsicValueEstimate.sum": {
            "value": 2835.62646484375,
            "min": -268.59649658203125,
            "max": 2835.62646484375,
            "count": 18
        },
        "c_Walker.Environment.CumulativeReward.mean": {
            "value": 5.210677179639065,
            "min": -5.353411890606192,
            "max": 5.210677179639065,
            "count": 18
        },
        "c_Walker.Environment.CumulativeReward.sum": {
            "value": 3663.1060572862625,
            "min": -1159.9860169887543,
            "max": 3663.1060572862625,
            "count": 18
        },
        "c_Walker.Policy.ExtrinsicReward.mean": {
            "value": 5.210677179639065,
            "min": -5.353411890606192,
            "max": 5.210677179639065,
            "count": 18
        },
        "c_Walker.Policy.ExtrinsicReward.sum": {
            "value": 3663.1060572862625,
            "min": -1159.9860169887543,
            "max": 3663.1060572862625,
            "count": 18
        },
        "c_Walker.Losses.PolicyLoss.mean": {
            "value": 0.016883872012646555,
            "min": 0.014092844876965197,
            "max": 0.01836632333075007,
            "count": 18
        },
        "c_Walker.Losses.PolicyLoss.sum": {
            "value": 0.08441936006323278,
            "min": 0.05637137950786079,
            "max": 0.09183161665375035,
            "count": 18
        },
        "c_Walker.Losses.ValueLoss.mean": {
            "value": 1.4342360711097717,
            "min": 0.21550523291031518,
            "max": 1.5634727271397908,
            "count": 18
        },
        "c_Walker.Losses.ValueLoss.sum": {
            "value": 7.1711803555488585,
            "min": 1.077526164551576,
            "max": 7.817363635698954,
            "count": 18
        },
        "c_Walker.Policy.LearningRate.mean": {
            "value": 0.00024724938558354405,
            "min": 0.00024724938558354405,
            "max": 0.00029844942051685994,
            "count": 18
        },
        "c_Walker.Policy.LearningRate.sum": {
            "value": 0.0012362469279177202,
            "min": 0.0010741734419421997,
            "max": 0.001478238007254,
            "count": 18
        },
        "c_Walker.Policy.Epsilon.mean": {
            "value": 0.18241645600000006,
            "min": 0.18241645600000006,
            "max": 0.19948314,
            "count": 18
        },
        "c_Walker.Policy.Epsilon.sum": {
            "value": 0.9120822800000004,
            "min": 0.7580578,
            "max": 0.9927460000000001,
            "count": 18
        },
        "c_Walker.Policy.Beta.mean": {
            "value": 0.0041225811544,
            "min": 0.0041225811544,
            "max": 0.004974208686000001,
            "count": 18
        },
        "c_Walker.Policy.Beta.sum": {
            "value": 0.020612905772,
            "min": 0.017907084219999998,
            "max": 0.0246380254,
            "count": 18
        },
        "c_Walker.IsTraining.mean": {
            "value": 1.0,
            "min": 1.0,
            "max": 1.0,
            "count": 18
        },
        "c_Walker.IsTraining.sum": {
            "value": 1.0,
            "min": 1.0,
            "max": 1.0,
            "count": 18
        }
    },
    "metadata": {
        "timer_format_version": "0.1.0",
        "start_time_seconds": "1702917294",
        "python_version": "3.9.13 (main, Aug 25 2022, 23:51:50) [MSC v.1916 64 bit (AMD64)]",
        "command_line_arguments": "C:\\Users\\caile\\anaconda3\\Scripts\\mlagents-learn --run-id 23_12/beep/climber2 ./config/ppo/ChairWalker/ChairWalker.yaml --force --initialize-from 23_12/beep/climber",
        "mlagents_version": "0.30.0",
        "mlagents_envs_version": "0.30.0",
        "communication_protocol_version": "1.5.0",
        "pytorch_version": "1.7.1+cu110",
        "numpy_version": "1.21.2",
        "end_time_seconds": "1702918511"
    },
    "total": 1216.8886516,
    "count": 1,
    "self": 0.00474009999993541,
    "children": {
        "run_training.setup": {
            "total": 0.16198770000000007,
            "count": 1,
            "self": 0.16198770000000007
        },
        "TrainerController.start_learning": {
            "total": 1216.7219238,
            "count": 1,
            "self": 0.6064900999954261,
            "children": {
                "TrainerController._reset_env": {
                    "total": 5.9157624,
                    "count": 1,
                    "self": 5.9157624
                },
                "TrainerController.advance": {
                    "total": 1210.0347529000046,
                    "count": 35337,
                    "self": 0.5484609000177443,
                    "children": {
                        "env_step": {
                            "total": 806.1280170999906,
                            "count": 35337,
                            "self": 733.0986499999827,
                            "children": {
                                "SubprocessEnvManager._take_step": {
                                    "total": 72.63291080000957,
                                    "count": 35337,
                                    "self": 2.10391660001045,
                                    "children": {
                                        "TorchPolicy.evaluate": {
                                            "total": 70.52899419999912,
                                            "count": 28763,
                                            "self": 70.52899419999912
                                        }
                                    }
                                },
                                "workers": {
                                    "total": 0.39645629999828635,
                                    "count": 35337,
                                    "self": 0.0,
                                    "children": {
                                        "worker_root": {
                                            "total": 1210.9222713000127,
                                            "count": 35337,
                                            "is_parallel": true,
                                            "self": 548.836424900005,
                                            "children": {
                                                "steps_from_proto": {
                                                    "total": 0.0018692000000006814,
                                                    "count": 1,
                                                    "is_parallel": true,