{"count":1,"self":146.6618368,"total":331.1453634,"children":{"InitializeActuators":{"count":64,"self":0.0019995,"total":0.0019995,"children":null},"InitializeSensors":{"count":64,"self":0.0050022999999999995,"total":0.0050022999999999995,"children":null},"AgentSendState":{"count":21336,"self":8.09158,"total":25.1223514,"children":{"CollectObservations":{"count":273152,"self":11.811217599999999,"total":11.811217899999999,"children":null},"WriteActionMask":{"count":273152,"self":0.1849332,"total":0.1849332,"children":null},"RequestDecision":{"count":273152,"self":0.5674463,"total":5.0346201,"children":{"AgentInfo.ToProto":{"count":273152,"self":0.4638737,"total":4.4671737999999994,"children":{"GenerateSensorData":{"count":273152,"self":3.5072487999999997,"total":4.0033001,"children":{"RayPerceptionSensor.Perceive":{"count":273152,"self":0.4960514,"total":0.4960514,"children":null}}}}}}}}},"DecideAction":{"count":21336,"self":147.92729599999998,"total":147.9272937,"children":null},"AgentAct":{"count":21336,"self":11.3910168,"total":11.4162866,"children":{"AgentInfo.ToProto":{"count":1109,"self":0.0020128999999999998,"total":0.0252701,"children":{"GenerateSensorData":{"count":1109,"self":0.021233699999999998,"total":0.0232572,"children":{"RayPerceptionSensor.Perceive":{"count":1109,"self":0.0020235,"total":0.0020235,"children":null}}}}}}},"AgentInfo.ToProto":{"count":339,"self":0.0030096999999999997,"total":0.0105975,"children":{"GenerateSensorData":{"count":339,"self":0.0065812,"total":0.0075878,"children":{"RayPerceptionSensor.Perceive":{"count":339,"self":0.0010065999999999999,"total":0.0010065999999999999,"children":null}}}}}},"gauges":{"c_Walker.CumulativeReward":{"count":1448,"max":19.9134827,"min":-52.199604,"runningAverage":-0.8900467,"value":-24.2000713,"weightedAverage":-5.61250448}},"metadata":{"timer_format_version":"0.1.0","start_time_seconds":"1707759479","unity_version":"2022.3.5f1","command_line_arguments":"C:\\Program Files\\Unity\\Hub\\Editor\\2022.3.5f1\\Editor\\Unity.exe -projectpath C:\\Users\\caile\\Desktop\\Projects\\24_02-Beep\\3_Agents\\23_11-MLChair\\ml-agents-simone -useHub -hubIPC -cloudEnvironment production","communication_protocol_version":"1.5.0","com.unity.ml-agents_version":"2.3.0-exp.3","scene_name":"2024-Walker","end_time_seconds":"1707759810"}}