{"count":1,"self":3260.3314176,"total":19025.4903308,"children":{"InitializeActuators":{"count":28,"self":0.0015157,"total":0.0015157,"children":null},"InitializeSensors":{"count":28,"self":0.010293499999999999,"total":0.010293499999999999,"children":null},"AgentSendState":{"count":804684,"self":1389.3774336,"total":4183.3220722,"children":{"CollectObservations":{"count":4506236,"self":209.09212159999998,"total":209.09211779999998,"children":null},"WriteActionMask":{"count":4506236,"self":4.1120095999999995,"total":4.1120097,"children":null},"RequestDecision":{"count":4506236,"self":14.640468799999999,"total":2580.740534,"children":{"AgentInfo.ToProto":{"count":4506236,"self":11.298302399999999,"total":2566.1000648,"children":{"GenerateSensorData":{"count":4506236,"self":111.9696896,"total":2554.8017627,"children":{"RenderTextureSensor.GetCompressedObservation":{"count":4506236,"self":2432.8407039999997,"total":2432.8406532999998,"children":null},"RayPerceptionSensor.Perceive":{"count":4506236,"self":9.9914224,"total":9.9914227999999987,"children":null}}}}}}}}},"DecideAction":{"count":804684,"self":11342.852095999999,"total":11342.8518382,"children":null},"AgentAct":{"count":804684,"self":198.540224,"total":198.6857995,"children":{"AgentInfo.ToProto":{"count":61,"self":0,"total":0.1455718,"children":{"GenerateSensorData":{"count":61,"self":0.0010012,"total":0.1455718,"children":{"RenderTextureSensor.GetCompressedObservation":{"count":61,"self":0.1445706,"total":0.1445706,"children":null},"RayPerceptionSensor.Perceive":{"count":61,"self":0,"total":0,"children":null}}}}}}},"AgentInfo.ToProto":{"count":14115,"self":0.1340885,"total":40.2874403,"children":{"GenerateSensorData":{"count":14115,"self":0.5264821,"total":40.153351799999996,"children":{"RenderTextureSensor.GetCompressedObservation":{"count":14115,"self":39.599625599999996,"total":39.5996257,"children":null},"RayPerceptionSensor.Perceive":{"count":14115,"self":0.027243999999999997,"total":0.027243999999999997,"children":null}}}}}},"gauges":{"c_Walker.CumulativeReward":{"count":14176,"max":1809.3175,"min":4.4317503,"runningAverage":397.500854,"value":1157.55151,"weightedAverage":568.5739}},"metadata":{"timer_format_version":"0.1.0","start_time_seconds":"1701353582","unity_version":"2022.3.5f1","command_line_arguments":"C:\\Program Files\\Unity\\Hub\\Editor\\2022.3.5f1\\Editor\\Unity.exe -projectpath C:\\Users\\caile\\Desktop\\Projects\\23_07-MLAgents\\MLAgents_Simone -useHub -hubIPC -cloudEnvironment production","communication_protocol_version":"1.5.0","com.unity.ml-agents_version":"2.3.0-exp.3","scene_name":"Default","end_time_seconds":"1701372607"}}