{"count":1,"self":3105.0272768,"total":5469.0364984,"children":{"InitializeActuators":{"count":32,"self":0.0020001999999999997,"total":0.0020001999999999997,"children":null},"InitializeSensors":{"count":32,"self":0.0164652,"total":0.0164652,"children":null},"AgentSendState":{"count":248256,"self":45.6663168,"total":670.5509122,"children":{"CollectObservations":{"count":1588864,"self":80.182579199999992,"total":80.182577299999991,"children":null},"WriteActionMask":{"count":1588864,"self":1.6171563,"total":1.6171563,"children":null},"RequestDecision":{"count":1588864,"self":5.1663368,"total":543.0848609,"children":{"AgentInfo.ToProto":{"count":1588864,"self":3.781544,"total":537.9185241,"children":{"GenerateSensorData":{"count":1588864,"self":35.4366272,"total":534.13698019999993,"children":{"RenderTextureSensor.GetCompressedObservation":{"count":1588864,"self":495.52199679999995,"total":495.52200899999997,"children":null},"RayPerceptionSensor.Perceive":{"count":1588864,"self":3.1783452,"total":3.1783451,"children":null}}}}}}}}},"DecideAction":{"count":248256,"self":1619.3929216,"total":1619.3929566,"children":null},"AgentAct":{"count":248256,"self":71.2763712,"total":74.0454041,"children":{"AgentInfo.ToProto":{"count":7936,"self":0.022705799999999998,"total":2.76903,"children":{"GenerateSensorData":{"count":7936,"self":0.1502471,"total":2.7463241999999997,"children":{"RenderTextureSensor.GetCompressedObservation":{"count":7936,"self":2.5839684,"total":2.5839684,"children":null},"RayPerceptionSensor.Perceive":{"count":7936,"self":0.0121087,"total":0.0121087,"children":null}}}}}}}},"gauges":{"c_Walker.CumulativeReward":{"count":7936,"max":946.8122,"min":-0.009833524,"runningAverage":642.6184,"value":928.738831,"weightedAverage":885.638}},"metadata":{"timer_format_version":"0.1.0","start_time_seconds":"1700065695","unity_version":"2022.3.5f1","command_line_arguments":"C:\\Program Files\\Unity\\Hub\\Editor\\2022.3.5f1\\Editor\\Unity.exe -projectpath C:\\Users\\caile\\Desktop\\Projects\\23_07-MLAgents\\MLAgents_Simone -useHub -hubIPC -cloudEnvironment production","communication_protocol_version":"1.5.0","com.unity.ml-agents_version":"2.3.0-exp.3","scene_name":"Default","end_time_seconds":"1700071164"}}