{"count":1,"self":398.40962559999997,"total":941.6687119,"children":{"InitializeActuators":{"count":32,"self":0.0022481,"total":0.0022481,"children":null},"InitializeSensors":{"count":32,"self":0.0151493,"total":0.0151493,"children":null},"AgentSendState":{"count":50817,"self":59.3438016,"total":193.76722669999998,"children":{"CollectObservations":{"count":325248,"self":14.126192,"total":14.1261917,"children":null},"WriteActionMask":{"count":325248,"self":0.2899735,"total":0.2899735,"children":null},"RequestDecision":{"count":325248,"self":0.96538519999999994,"total":120.0072586,"children":{"AgentInfo.ToProto":{"count":325248,"self":0.69496499999999994,"total":119.0418734,"children":{"GenerateSensorData":{"count":325248,"self":6.55012,"total":118.34690839999999,"children":{"RenderTextureSensor.GetCompressedObservation":{"count":325248,"self":111.1799296,"total":111.179936,"children":null},"RayPerceptionSensor.Perceive":{"count":325248,"self":0.6168523,"total":0.6168523,"children":null}}}}}}}}},"DecideAction":{"count":50817,"self":330.98196479999996,"total":330.9819652,"children":null},"AgentAct":{"count":50817,"self":13.44808,"total":13.4850365,"children":{"AgentInfo.ToProto":{"count":33,"self":0,"total":0.036956499999999996,"children":{"GenerateSensorData":{"count":33,"self":0.0012457,"total":0.036956499999999996,"children":{"RenderTextureSensor.GetCompressedObservation":{"count":33,"self":0.0347053,"total":0.0347053,"children":null},"RayPerceptionSensor.Perceive":{"count":33,"self":0.0010054999999999999,"total":0.0010054999999999999,"children":null}}}}}}},"AgentInfo.ToProto":{"count":3987,"self":0.0280217,"total":5.0074717999999994,"children":{"GenerateSensorData":{"count":3987,"self":0.1304377,"total":4.9794501,"children":{"RenderTextureSensor.GetCompressedObservation":{"count":3987,"self":4.8375748,"total":4.8375746999999993,"children":null},"RayPerceptionSensor.Perceive":{"count":3987,"self":0.0114377,"total":0.0114377,"children":null}}}}}},"gauges":{"c_Walker.CumulativeReward":{"count":4020,"max":1189.1427,"min":-2.00285053,"runningAverage":25.8860626,"value":-0.994143844,"weightedAverage":7.366956}},"metadata":{"timer_format_version":"0.1.0","start_time_seconds":"1697492804","unity_version":"2022.3.5f1","command_line_arguments":"C:\\Program Files\\Unity\\Hub\\Editor\\2022.3.5f1\\Editor\\Unity.exe -projectpath C:\\Users\\caile\\Desktop\\Projects\\23_07-MLAgents\\MLAgents_Simone -useHub -hubIPC -cloudEnvironment production","communication_protocol_version":"1.5.0","com.unity.ml-agents_version":"2.3.0-exp.3","scene_name":"Slope","end_time_seconds":"1697493746"}}