{
    "name": "root",
    "gauges": {
        "c_Walker.Policy.Entropy.mean": {
            "value": 1.3010621070861816,
            "min": 1.3010621070861816,
            "max": 1.3248502016067505,
            "count": 4
        },
        "c_Walker.Policy.Entropy.sum": {
            "value": 126150.984375,
            "min": 126150.984375,
            "max": 146263.46875,
            "count": 4
        },
        "c_Walker.Environment.EpisodeLength.mean": {
            "value": 501.72727272727275,
            "min": 151.68854961832062,
            "max": 501.72727272727275,
            "count": 4
        },
        "c_Walker.Environment.EpisodeLength.sum": {
            "value": 99342.0,
            "min": 99342.0,
            "max": 100276.0,
            "count": 4
        },
        "c_Walker.Step.mean": {
            "value": 399483.0,
            "min": 99638.0,
            "max": 399483.0,
            "count": 4
        },
        "c_Walker.Step.sum": {
            "value": 399483.0,
            "min": 99638.0,
            "max": 399483.0,
            "count": 4
        },
        "c_Walker.Policy.ExtrinsicValueEstimate.mean": {
            "value": 47.17915344238281,
            "min": 47.17915344238281,
            "max": 147.37925720214844,
            "count": 4
        },
        "c_Walker.Policy.ExtrinsicValueEstimate.sum": {
            "value": 9341.47265625,
            "min": 9341.47265625,
            "max": 96386.03125,
            "count": 4
        },
        "c_Walker.Environment.CumulativeReward.mean": {
            "value": 172.60257387341875,
            "min": 96.56147759669783,
            "max": 172.60257387341875,
            "count": 4
        },
        "c_Walker.Environment.CumulativeReward.sum": {
            "value": 34175.30962693691,
            "min": 34175.30962693691,
            "max": 63151.206348240376,
            "count": 4
        },
        "c_Walker.Policy.ExtrinsicReward.mean": {
            "value": 172.60257387341875,
            "min": 96.56147759669783,
            "max": 172.60257387341875,
            "count": 4
        },
        "c_Walker.Policy.ExtrinsicReward.sum": {
            "value": 34175.30962693691,
            "min": 34175.30962693691,
            "max": 63151.206348240376,
            "count": 4
        },
        "c_Walker.Losses.PolicyLoss.mean": {
            "value": 0.015972363075319056,
            "min": 0.015865222179951767,
            "max": 0.017447276707086228,
            "count": 4
        },
        "c_Walker.Losses.PolicyLoss.sum": {
            "value": 0.07986181537659529,
            "min": 0.06978910682834491,
            "max": 0.08100266528466213,
            "count": 4
        },
        "c_Walker.Losses.ValueLoss.mean": {
            "value": 121.49839787801106,
            "min": 121.49839787801106,
            "max": 1305.9737416585285,
            "count": 4
        },
        "c_Walker.Losses.ValueLoss.sum": {
            "value": 607.4919893900553,
            "min": 607.4919893900553,
            "max": 5223.894966634114,
            "count": 4
        },
        "c_Walker.Policy.LearningRate.mean": {
            "value": 0.00028944867951710793,
            "min": 0.00028944867951710793,
            "max": 0.0002984552105149299,
            "count": 4
        },
        "c_Walker.Policy.LearningRate.sum": {
            "value": 0.0014472433975855398,
            "min": 0.0011938208420597196,
            "max": 0.0014783538072154,
            "count": 4
        },
        "c_Walker.Policy.Epsilon.mean": {
            "value": 0.19648289200000002,
            "min": 0.19648289200000002,
            "max": 0.19948507000000004,
            "count": 4
        },
        "c_Walker.Policy.Epsilon.sum": {
            "value": 0.9824144600000001,
            "min": 0.7979402800000002,
            "max": 0.9927846000000001,
            "count": 4
        },
        "c_Walker.Policy.Beta.mean": {
            "value": 0.0048244963108,
            "min": 0.0048244963108,
            "max": 0.004974304993,
            "count": 4
        },
        "c_Walker.Policy.Beta.sum": {
            "value": 0.024122481554,
            "min": 0.019897219972,
            "max": 0.024639951540000003,
            "count": 4
        },
        "c_Walker.IsTraining.mean": {
            "value": 1.0,
            "min": 1.0,
            "max": 1.0,
            "count": 4
        },
        "c_Walker.IsTraining.sum": {
            "value": 1.0,
            "min": 1.0,
            "max": 1.0,
            "count": 4
        }
    },
    "metadata": {
        "timer_format_version": "0.1.0",
        "start_time_seconds": "1703174415",
        "python_version": "3.9.13 (main, Aug 25 2022, 23:51:50) [MSC v.1916 64 bit (AMD64)]",
        "command_line_arguments": "C:\\Users\\caile\\anaconda3\\Scripts\\mlagents-learn --run-id 23_12/beep/slip config/ppo/ChairWalker/ChairWalker.yaml --initialize-from 23_12/beep/walker",
        "mlagents_version": "0.30.0",
        "mlagents_envs_version": "0.30.0",
        "communication_protocol_version": "1.5.0",
        "pytorch_version": "1.7.1+cu110",
        "numpy_version": "1.21.2",
        "end_time_seconds": "1703174909"
    },
    "total": 493.2384402,
    "count": 1,
    "self": 0.008425100000067687,
    "children": {
        "run_training.setup": {
            "total": 0.1724007999999999,
            "count": 1,
            "self": 0.1724007999999999
        },
        "TrainerController.start_learning": {
            "total": 493.05761429999995,
            "count": 1,
            "self": 0.1681097999999679,
            "children": {
                "TrainerController._reset_env": {
                    "total": 7.7085621,
                    "count": 1,
                    "self": 7.7085621
                },
                "TrainerController.advance": {
                    "total": 484.9677454,
                    "count": 9119,
                    "self": 0.15642170000177202,
                    "children": {
                        "env_step": {
                            "total": 384.0528620999989,
                            "count": 9119,
                            "self": 361.95754979999845,
                            "children": {
                                "SubprocessEnvManager._take_step": {
                                    "total": 21.986955099998397,
                                    "count": 9119,
                                    "self": 0.5864783999993008,
                                    "children": {
                                        "TorchPolicy.evaluate": {
                                            "total": 21.400476699999096,
                                            "count": 7821,
                                            "self": 21.400476699999096
                                        }
                                    }
                                },
                                "workers": {
                                    "total": 0.10835720000202897,
                                    "count": 9119,
                                    "self": 0.0,
                                    "children": {
                                        "worker_root": {
                                            "total": 486.28558370000076,
                                            "count": 9119,
                                            "is_parallel": true,
                                            "self": 144.66337069999872,
                                            "children": {
                                                "steps_from_proto": {
                                                    "total": 0.015498999999999263,
                                                    "count": 1,
                                                    "is_parallel": true,
                                                    "self": 0.00015599999999871272,